{"cameraMode":{"drawMode":0,"name":"Shaded","section":"Shading Mode"},"sceneLighting":false,"audioPlay":false,"sceneViewState":{"showFog":true,"showMaterialUpdate":true,"showSkybox":true,"showFlares":true,"showImageEffects":true,"showParticleSystems":true},"in2DMode":false,"pivot":{"x":5.960464477539063e-8,"y":0.22436770796775819,"z":10.0},"rotation":{"x":-0.015534480102360249,"y":0.9637892842292786,"z":-0.05760511755943298,"w":-0.2599048614501953},"size":2.2710964679718019,"orthographic":false}