{"cameraMode":{"drawMode":0,"name":"Shaded","section":"Shading Mode"},"sceneLighting":false,"audioPlay":false,"sceneViewState":{"showFog":true,"showMaterialUpdate":true,"showSkybox":true,"showFlares":true,"showImageEffects":true,"showParticleSystems":true},"in2DMode":false,"pivot":{"x":82.39785766601563,"y":337.57708740234377,"z":31.96023941040039},"rotation":{"x":-0.09910766780376435,"y":-0.025066345930099489,"z":0.0024973086547106506,"w":-0.994757890701294},"size":190.68968200683595,"orthographic":false}