{"cameraMode":{"drawMode":0,"name":"Shaded","section":"Shading Mode"},"sceneLighting":false,"audioPlay":false,"sceneViewState":{"showFog":true,"showMaterialUpdate":true,"showSkybox":true,"showFlares":true,"showImageEffects":true,"showParticleSystems":true},"in2DMode":false,"pivot":{"x":-0.33266010880470278,"y":1.9150028228759766,"z":2.5341796875},"rotation":{"x":0.09955068677663803,"y":-0.7991936802864075,"z":0.13801008462905885,"w":0.5764827728271484},"size":4.741838455200195,"orthographic":false}