{"cameraMode":{"drawMode":0,"name":"Shaded","section":"Shading Mode"},"sceneLighting":true,"audioPlay":false,"sceneViewState":{"showFog":true,"showMaterialUpdate":false,"showSkybox":true,"showFlares":true,"showImageEffects":true,"showParticleSystems":true},"in2DMode":false,"pivot":{"x":191.33787536621095,"y":-38.5273551940918,"z":-223.04576110839845},"rotation":{"x":0.024490641430020334,"y":0.933120846748352,"z":-0.06476949900388718,"w":0.3528323769569397},"size":311.2455139160156,"orthographic":false}